,last_word,conjugated,suffix
0,Ахуй,ахуйн,н
1,Ахуй,ахуйд,д
2,Ахуй,ахуйг,г
3,Ахуй,ахуйгаас,гаас
4,Ахуй,ахуйгаар,аар
5,Ахуй,ахуйтай,тай
6,Ахуйтан,ахуйтны,ы
7,Ахуйтан,ахуйтанд,д
8,Ахуйтан,ахуйтныг,ыг
9,Ахуйтан,ахуйтнаас,аас
10,Ахуйтан,ахуйтнаар,аар
11,Ахуйтан,ахуйтантай,тай
12,Зохиол,зохиолын,ын
13,Зохиол,зохиолд,д
14,Зохиол,зохиолыг,ыг
15,Зохиол,зохиолоос,оос
16,Зохиол,зохиолоор,оор
17,Зохиол,зохиолтой,той
18,Нэгж,нэгжийн,ийн
19,Нэгж,нэгжид,д
20,Нэгж,нэгжийг,ийг
21,Нэгж,нэгжээс,ээс
22,Нэгж,нэгжээр,ээр
23,Нэгж,нэгжтэй,тэй
24,Байгууллага,байгууллагын,ын
25,Байгууллага,байгууллагад,д
26,Байгууллага,байгууллагыг,ыг
27,Байгууллага,байгууллагаас,аас
28,Байгууллага,байгууллагаар,аар
29,Байгууллага,байгууллагатай,тай
30,Татвар,татварын,ын
31,Татвар,татварт,т
32,Татвар,татварыг,ыг
33,Татвар,татвараас,аас
34,Татвар,татвараар,аар
35,Татвар,татвартай,тай
36,Тэмцээн,тэмцээний,ий
37,Тэмцээн,тэмцээнд,д
38,Тэмцээн,тэмцээнийг,ийг
39,Тэмцээн,тэмцээнээс,ээс
40,Тэмцээн,тэмцээнээр,ээр
41,Тэмцээн,тэмцээнтэй,тэй
42,Боловсрол,боловсролын,ын
43,Боловсрол,боловсролд,д
44,Боловсрол,боловсролыг,ыг
45,Боловсрол,боловсролоос,оос
46,Боловсрол,боловсролоор,оор
47,Боловсрол,боловсролтой,той
48,Дарамт,дарамтын,ын
49,Дарамт,дарамтад,д
50,Дарамт,дарамтыг,ыг
51,Дарамт,дарамтаас,аас
52,Дарамт,дарамтаар,аар
53,Дарамт,дарамттай,тай
54,Анги,ангийн,ийн
55,Анги,ангит,т
56,Анги,ангыг,ыг
57,Анги,ангиас,аас
58,Анги,ангиар,аар
59,Анги,ангитай,тай
60,Ассоциаци,ассоциацийн,ийн
61,Ассоциаци,ассоциацит,т
62,Ассоциаци,ассоциацыг,ыг
63,Ассоциаци,ассоциациас,аас
64,Ассоциаци,ассоциациар,аар
65,Ассоциаци,ассоциацитай,тай
66,Си,сигийн,ийн
67,Си,сид,д
68,Си,сийг,ийг
69,Си,сигээс,ээс
70,Си,сигээр,ээр
71,Си,ситэй,тэй
72,Захиргаа,захиргааны,ны
73,Захиргаа,захиргаанд,нд
74,Захиргаа,захиргааг,г
75,Захиргаа,захиргаанаас,наас
76,Захиргаа,захиргаагаар,аар
77,Захиргаа,захиргаатай,тай
78,Газар,газрын,ын
79,Газар,газарт,т
80,Газар,газрыг,ыг
81,Газар,газраас,аас
82,Газар,газраар,аар
83,Газар,газартай,тай
84,Жүжигчин,жүжигчний,ий
85,Жүжигчин,жүжигчинд,д
86,Жүжигчин,жүжигчнийг,ийг
87,Жүжигчин,жүжигчнээс,ээс
88,Жүжигчин,жүжигчнээр,ээр
89,Жүжигчин,жүжигчинтэй,тэй
90,Яам,яамны,ны
91,Яам,яаманд,нд
92,Яам,яамыг,ыг
93,Яам,яамнаас,наас
94,Яам,яамаар,аар
95,Яам,яамтай,тай
96,Арчлалт,арчлалтын,ын
97,Арчлалт,арчлалтад,д
98,Арчлалт,арчлалтыг,ыг
99,Арчлалт,арчлалтаас,аас
100,Арчлалт,арчлалтаар,аар
101,Арчлалт,арчлалттай,тай
102,Холбоо,холбооны,ны
103,Холбоо,холбоонд,нд
104,Холбоо,холбоог,г
105,Холбоо,холбооноос,ноос
106,Холбоо,холбоогоор,оор
107,Холбоо,холбоотой,той
108,Хурал,хурлын,ын
109,Хурал,хуралд,д
110,Хурал,хурлыг,ыг
111,Хурал,хурлаас,аас
112,Хурал,хурлаар,аар
113,Хурал,хуралтай,тай
114,Алба,албаны,ны
115,Алба,албанд,нд
116,Алба,албыг,ыг
117,Алба,албанаас,наас
118,Алба,албаар,аар
119,Алба,албатай,тай
120,Төлбөр,төлбөрийн,ийн
121,Төлбөр,төлбөрт,т
122,Төлбөр,төлбөрийг,ийг
123,Төлбөр,төлбөрөөс,өөс
124,Төлбөр,төлбөрөөр,өөр
125,Төлбөр,төлбөртэй,тэй
126,Нам,намын,ын
127,Нам,намд,д
128,Нам,намыг,ыг
129,Нам,намаас,аас
130,Нам,намаар,аар
131,Нам,намтай,тай
132,Улс,улсын,ын
133,Улс,улсад,д
134,Улс,улсыг,ыг
135,Улс,улсаас,аас
136,Улс,улсаар,аар
137,Улс,улстай,тай
138,Эмнэлэг,эмнэлгийн,ийн
139,Эмнэлэг,эмнэлэгт,т
140,Эмнэлэг,эмнэлгийг,ийг
141,Эмнэлэг,эмнэлгээс,ээс
142,Эмнэлэг,эмнэлгээр,ээр
143,Эмнэлэг,эмнэлэгтэй,тэй
144,Сууц,сууцын,ын
145,Сууц,сууцад,д
146,Сууц,сууцыг,ыг
147,Сууц,сууцаас,аас
148,Сууц,сууцаар,аар
149,Сууц,сууцтай,тай
150,Ундаа,ундааны,ны
151,Ундаа,ундаанд,нд
152,Ундаа,ундааг,г
153,Ундаа,ундаанаас,наас
154,Ундаа,ундаагаар,аар
155,Ундаа,ундаатай,тай
156,АСА,асагийн,ийн
157,АСА,асад,д
158,АСА,асаг,г
159,АСА,асагаас,аас
160,АСА,асагаар,аар
161,АСА,асатай,тай
162,АСЕМ,асемын,ын
163,АСЕМ,асемд,д
164,АСЕМ,асемыг,ыг
165,АСЕМ,асемаас,аас
166,АСЕМ,асемаар,аар
167,АСЕМ,асемтай,тай
168,Уулзалт,уулзалтын,ын
169,Уулзалт,уулзалтад,т
170,Уулзалт,уулзалтыг,ыг
171,Уулзалт,уулзалтаас,аас
172,Уулзалт,уулзалтаар,аар
173,Уулзалт,уулзалттай,тай
174,Клуб,клубийн,ийн
175,Клуб,клубт,т
176,Клуб,клубийг,ийг
177,Клуб,клубээс,ээс
178,Клуб,клубээр,ээр
179,Клуб,клубтэй,тэй
180,Эм,эмийн,ийн
181,Эм,эмд,д
182,Эм,эмийг,ийг
183,Эм,эмээс,ээс
184,Эм,эмээр,ээр
185,Эм,эмтэй,тэй
186,Зөвлөл,зөвлөлийн,ийн
187,Зөвлөл,зөвлөлд,д
188,Зөвлөл,зөвлөлийг,ийг
189,Зөвлөл,зөвлөлөөс,өөс
190,Зөвлөл,зөвлөлөөр,өөр
191,Зөвлөл,зөвлөлтэй,тэй
192,Рот,ротын,ын
193,Рот,ротд,д
194,Рот,ротыг,ыг
195,Рот,ротоос,оос
196,Рот,ротоор,оор
197,Рот,роттой,той
198,Төв,төвийн,ийн
199,Төв,төвт,т
200,Төв,төвийг,ийг
201,Төв,төвөөс,өөс
202,Төв,төвөөр,өөр
203,Төв,төвтэй,тэй
204,Хэрэгсэл,хэрэгслийн,ийн
205,Хэрэгсэл,хэрэгсэлд,д
206,Хэрэгсэл,хэрэгслийг,ийг
207,Хэрэгсэл,хэрэгслээс,ээс
208,Хэрэгсэл,хэрэгслээр,ээр
209,Хэрэгсэл,хэрэгсэлтэй,тэй
210,Ухаан,ухааны,ы
211,Ухаан,ухаанд,д
212,Ухаан,ухааныг,ыг
213,Ухаан,ухаанаас,аас
214,Ухаан,ухаанаар,аар
215,Ухаан,ухаантай,тай
216,Сургууль,сургуулийн,ийн
217,Сургууль,сургуульд,д
218,Сургууль,сургуулийг,ийг
219,Сургууль,сургуулиас,аас
220,Сургууль,сургуулиар,аар
221,Сургууль,сургуультай,тай
222,Банк,банкны,ны
223,Банк,банканд,нд
224,Банк,банкийг,ийг
225,Банк,банкнаас,аас
226,Банк,банкаар,аар
227,Банк,банктай,тай
228,Тухай,тухайн,н
229,Тухай,тухайд,д
230,Тухай,тухайг,г
231,Тухай,тухайгаас,аас
232,Тухай,тухайгаар,аар
233,Тухай,тухайтай,тай
234,Тэргүүлэгчид,тэргүүлэгчдийн,ийн
235,Тэргүүлэгчид,тэргүүлэгчдэд,д
236,Тэргүүлэгчид,тэргүүлэгчдийг,ийг
237,Тэргүүлэгчид,тэргүүлэгчдээс,ээс
238,Тэргүүлэгчид,тэргүүлэгчдээр,ээр
239,Тэргүүлэгчид,тэргүүлэгчидтэй,тэй
240,Санаачилга,санаачилгын,ын
241,Санаачилга,санаачилгад,д
242,Санаачилга,санаачилгыг,ыг
243,Санаачилга,санаачилгаас,аас
244,Санаачилга,санаачилгаар,аар
245,Санаачилга,санаачилгатай,тай
246,Станц,станцын,ын
247,Станц,станцад,д
248,Станц,станцыг,ыг
249,Станц,станцаас,аас
250,Станц,станцаар,аар
251,Станц,станцтай,тай
252,Эвсэл,эвслийн,ийн
253,Эвсэл,эвсэлд,д
254,Эвсэл,эвслийг,ийг
255,Эвсэл,эвслээс,ээс
256,Эвсэл,эвслээр,ээр
257,Эвсэл,эвсэлтэй,тэй
258,Хөдөлгөөн,хөдөлгөөний,ий
259,Хөдөлгөөн,хөдөлгөөнд,д
260,Хөдөлгөөн,хөдөлгөөнийг,ийг
261,Хөдөлгөөн,хөдөлгөөнөөс,өөс
262,Хөдөлгөөн,хөдөлгөөнөөр,өөр
263,Хөдөлгөөн,хөдөлгөөнтэй,тэй
264,Индекс,индексийн,ийн
265,Индекс,индексэд,д
266,Индекс,индексийг,ийг
267,Индекс,индексээс,ээс
268,Индекс,индексээр,ээр
269,Индекс,индекстэй,тэй
270,Шат,шатны,ны
271,Шат,шатанд,д
272,Шат,шатыг,ыг
273,Шат,шатаас,аас
274,Шат,шатаар,аар
275,Шат,шаттай,тай
276,Арми,армийн,ийн
277,Арми,армид,д
278,Арми,армийг,ийг
279,Арми,армиас,аас
280,Арми,армиар,аар
281,Арми,армитай,тай
282,Хүрээлэн,хүрээлэнгийн,ийн
283,Хүрээлэн,хүрээлэнд,д
284,Хүрээлэн,хүрээлэнг,ийг
285,Хүрээлэн,хүрээлэнгээс,ээс
286,Хүрээлэн,хүрээлэнгээр,ээр
287,Хүрээлэн,хүрээлэнтэй,тэй
288,Баянгол,баянголын,ын
289,Баянгол,баянголд,д
290,Баянгол,баянголыг,ыг
291,Баянгол,баянголоос,оос
292,Баянгол,баянголоор,оор
293,Баянгол,баянголтой,той
294,Дүүрэг,дүүргийн,ийн
295,Дүүрэг,дүүрэгт,т
296,Дүүрэг,дүүргийг,ийг
297,Дүүрэг,дүүргээс,ээс
298,Дүүрэг,дүүргээр,ээр
299,Дүүрэг,дүүрэгтэй,тэй
300,Халдвар,халдварын,ын
301,Халдвар,халдварт,т
302,Халдвар,халдварыг,ыг
303,Халдвар,халдвараас,аас
304,Халдвар,халдвараар,аар
305,Халдвар,халдвартай,тай
306,Өвчин,өвчний,ий
307,Өвчин,өвчинд,д
308,Өвчин,өвчнийг,ийг
309,Өвчин,өвчнөөс,өөс
310,Өвчин,өвчнөөр,өөр
311,Өвчин,өвчинтэй,тэй
312,Институт,институтийн,ийн
313,Институт,институтэд,д
314,Институт,институтийг,ийг
315,Институт,инститтээс,ээс
316,Институт,инститтээр,ээр
317,Институт,институттэй,тэй
318,Найрамдах,найрамдахын,ын
319,Найрамдах,найрамдахад,д
320,Найрамдах,найрамдахыг,ыг
321,Найрамдах,найрамдахаас,аас
322,Найрамдах,найрамдахаар,аар
323,Найрамдах,найрамдахтай,тай
324,Жуулчлал,жуулчлалын,ын
325,Жуулчлал,жуулчлалд,д
326,Жуулчлал,жуулчлалыг,ыг
327,Жуулчлал,жуулчлалаас,аас
328,Жуулчлал,жуулчлалаар,аар
329,Жуулчлал,жуулчлалтай,тай
330,Хэлтэс,хэлтсийн,ийн
331,Хэлтэс,хэлтэст,т
332,Хэлтэс,хэлтсийг,ийг
333,Хэлтэс,хэлтсээс,ээс
334,Хэлтэс,хэлтсээр,ээр
335,Хэлтэс,хэлтэстэй,тэй
336,Хөгжил,хөгжлийн,ийн
337,Хөгжил,хөгжилд,д
338,Хөгжил,хөгжлийг,ийг
339,Хөгжил,хөгжлөөс,өөс
340,Хөгжил,хөгжлөөр,өөр
341,Хөгжил,хөгжилтэй,тэй
342,Байцаагч,байцаагчийн,ийн
343,Байцаагч,байцаагчид,д
344,Байцаагч,байцаагчийг,ийг
345,Байцаагч,байцаагчаас,аас
346,Байцаагч,байцаагчаар,аар
347,Байцаагч,байцаагчтай,тай
348,Спорт,спортын,ын
349,Спорт,спортод,д
350,Спорт,спортыг,ыг
351,Спорт,спортоос,оос
352,Спорт,спортоор,оор
353,Спорт,спорттой,той
354,Тамир,тамирын,ын
355,Тамир,тамирт,т
356,Тамир,тамирыг,ыг
357,Тамир,тамираас,аас
358,Тамир,тамираар,аар
359,Тамир,тамиртай,тай
360,Ажилтан,ажилтны,ы
361,Ажилтан,ажилтанд,д
362,Ажилтан,ажилтныг,ыг
363,Ажилтан,ажилтнаас,аас
364,Ажилтан,ажилтнаар,аар
365,Ажилтан,ажилтантай,тай
366,Хөтөлбөр,хөтөлбөрийн,ийн
367,Хөтөлбөр,хөтөлбөрт,т
368,Хөтөлбөр,хөтөлбөрийг,ийг
369,Хөтөлбөр,хөтөлбөрөөс,өөс
370,Хөтөлбөр,хөтөлбөрөөр,өөр
371,Хөтөлбөр,хөтөлбөртэй,тэй
372,Байгуулалт,байгуулалтын,ын
373,Байгуулалт,байгуулалтад,д
374,Байгуулалт,байгуулалтыг,ыг
375,Байгуулалт,байгуулалтаас,аас
376,Байгуулалт,байгуулалтаар,аар
377,Байгуулалт,байгуулалттай,тай
378,Хэлэлцээр,хэлэлцээрийн,ийн
379,Хэлэлцээр,хэлэлцээрт,т
380,Хэлэлцээр,хэлэлцээрийг,ийг
381,Хэлэлцээр,хэлэлцээрээс,ээс
382,Хэлэлцээр,хэлэлцээрээр,ээр
383,Хэлэлцээр,хэлэлцээртэй,тэй
384,Харилцаа,харилцааны,ны
385,Харилцаа,харилцаанд,д
386,Харилцаа,харилцааг,г
387,Харилцаа,харилцаанаас,аас
388,Харилцаа,харилцаагаар,аар
389,Харилцаа,харилцаатай,тай
390,Оруулагч,оруулагчийн,ийн
391,Оруулагч,оруулагчид,д
392,Оруулагч,оруулагчийг,ийг
393,Оруулагч,оруулагчаас,аас
394,Оруулагч,оруулагчаар,аар
395,Оруулагч,оруулагчтай,тай
396,Салбар,салбарын,ын
397,Салбар,салбарт,т
398,Салбар,салбарыг,ыг
399,Салбар,салбараас,аас
400,Салбар,салбараар,аар
401,Салбар,салбартай,тай
402,Театр,театрын,ын
403,Театр,театрт,т
404,Театр,театрыг,ыг
405,Театр,театраас,аас
406,Театр,театраар,аар
407,Театр,театртай,тай
408,Орнууд,орнуудын,ын
409,Орнууд,орнуудад,д
410,Орнууд,орнуудыг,ыг
411,Орнууд,орнуудаас,аас
412,Орнууд,орнуудаар,аар
413,Орнууд,орнуудтай,тай
414,Бүтээгдэхүүн,бүтээгдэхүүний,ий
415,Бүтээгдэхүүн,бүтээгдэхүүнд,д
416,Бүтээгдэхүүн,бүтээгдэхүүнийг,ийг
417,Бүтээгдэхүүн,бүтээгдэхүүнээс,ээс
418,Бүтээгдэхүүн,бүтээгдэхүүнээр,ээр
419,Бүтээгдэхүүн,бүтээгдэхүүнтэй,тэй
420,ДНК,днкын,ын
421,ДНК,днкд,д
422,ДНК,днкг,г
423,ДНК,днкаас,аас
424,ДНК,днкаар,аар
425,ДНК,днктай,тай
426,Хүчил,хүчлийн,ийн
427,Хүчил,хүчилд,д
428,Хүчил,хүчлийг,ийг
429,Хүчил,хүчлээс,ээс
430,Хүчил,хүчлээр,ээр
431,Хүчил,хүчилтэй,тэй
432,Хомсдол,хомсдолын,ын
433,Хомсдол,хомсдолд,д
434,Хомсдол,хомсдолыг,ыг
435,Хомсдол,хомсдолоос,оос
436,Хомсдол,хомсдолоор,оор
437,Хомсдол,хомсдолтой,той
438,Чуулга,чуулгын,ын
439,Чуулга,чуулгад,д
440,Чуулга,чуулгыг,ыг
441,Чуулга,чуулгаас,аас
442,Чуулга,чуулгаар,аар
443,Чуулга,чуулгатай,тай
444,Дарга,даргын,ын
445,Дарга,даргад,д
446,Дарга,даргыг,ыг
447,Дарга,даргаас,аас
448,Дарга,даргаар,аар
449,Дарга,даргатай,тай
450,ЖАЙКА,жайкагийн,ийн
451,ЖАЙКА,жайкад,д
452,ЖАЙКА,жайкаг,г
453,ЖАЙКА,жайкагаас,аас
454,ЖАЙКА,жайкагаар,аар
455,ЖАЙКА,жайкатай,тай
456,Үйлдвэр,үйлдвэрийн,ийн
457,Үйлдвэр,үйлдвэрт,т
458,Үйлдвэр,үйлдвэрийг,ийг
459,Үйлдвэр,үйлдвэрээс,ээс
460,Үйлдвэр,үйлдвэрээр,ээр
461,Үйлдвэр,үйлдвэртэй,тэй
462,Сан,сангийн,ийн
463,Сан,санд,д
464,Сан,санг,г
465,Сан,сангаас,аас
466,Сан,сангаар,аар
467,Сан,сантай,тай
468,Агентлаг,агентлагийн,ийн
469,Агентлаг,агентлагт,т
470,Агентлаг,агентлагийг,ийг
471,Агентлаг,агентлагаас,аас
472,Агентлаг,агентлагаар,аар
473,Агентлаг,агентлагтай,тай
474,Комисс,комиссын,ын
475,Комисс,комисст,т
476,Комисс,комиссыг,ыг
477,Комисс,комиссоос,оос
478,Комисс,комиссоор,оор
479,Комисс,комисстой,той
480,Зээл,зээлийн,ийн
481,Зээл,зээлд,д
482,Зээл,зээлийг,ийг
483,Зээл,зээлээс,ээс
484,Зээл,зээлээр,ээр
485,Зээл,зээлтэй,тэй
486,Нэгтгэл,нэгтгэлийн,ийн
487,Нэгтгэл,нэгтгэлд,д
488,Нэгтгэл,нэгтгэлийг,ийг
489,Нэгтгэл,нэгтгэлээс,ээс
490,Нэгтгэл,нэгтгэлээр,ээр
491,Нэгтгэл,нэгтгэлтэй,тэй
492,Эрх,эрхийн,ийн
493,Эрх,эрхэд,д
494,Эрх,эрхийг,ийг
495,Эрх,эрхээс,ээс
496,Эрх,эрхээр,ээр
497,Эрх,эрхтэй,тэй
498,Хүчин,хүчний,ий
499,Хүчин,хүчинд,д
500,Хүчин,хүчингийг,ийг
501,Хүчин,хүчингээс,ээс
502,Хүчин,хүчингээр,ээр
503,Хүчин,хүчинтэй,тэй
504,Хууль,хуулийн,ийн
505,Хууль,хуульт,т
506,Хууль,хуулийг,ийг
507,Хууль,хуулиас,аас
508,Хууль,хуулиар,аар
509,Хууль,хуультай,тай
510,Штаб,штабын,ын
511,Штаб,штабт,т
512,Штаб,штабыг,ыг
513,Штаб,штабаас,аас
514,Штаб,штабаар,аар
515,Штаб,штабтай,тай
516,Бонд,бондын,ын
517,Бонд,бондод,д
518,Бонд,бондыг,ыг
519,Бонд,бондоос,оос
520,Бонд,бондоор,оор
521,Бонд,бондтой,той
522,Безопасности,безопасностигийн,ийн
523,Безопасности,безопасностид,д
524,Безопасности,безопасностийг,ийг
525,Безопасности,безопасностигаас,аас
526,Безопасности,безопасностигаар,аар
527,Безопасности,безопасноститай,тай
528,КОЙКА,койкагийн,ийн
529,КОЙКА,койкад,д
530,КОЙКА,койкаг,г
531,КОЙКА,койкагаас,аас
532,КОЙКА,койкагаар,аар
533,КОЙКА,койкатай,тай
534,Трансжендер,трансжендерийн,ийн
535,Трансжендер,трансжендерт,т
536,Трансжендер,трансжендерийг,ийг
537,Трансжендер,трансжендерээс,ээс
538,Трансжендер,трансжендерээр,ээр
539,Трансжендер,трансжендертэй,тэй
540,Корпорац,корпорацын,ын
541,Корпорац,корпорацад,д
542,Корпорац,корпорацыг,ыг
543,Корпорац,корпорацаас,аас
544,Корпорац,корпорацаар,аар
545,Корпорац,корпорацтай,тай
546,МАНАН,манангийн,ийн
547,МАНАН,мананд,д
548,МАНАН,мананыг,ыг
549,МАНАН,манангаас,аас
550,МАНАН,манангаар,аар
551,МАНАН,манантай,тай
552,Хороо,хорооны,ны
553,Хороо,хороонд,нд
554,Хороо,хороог,г
555,Хороо,хорооноос,ноос
556,Хороо,хороогоор,оор
557,Хороо,хороотой,той
558,Эвлэл,эвлэлийн,ийн
559,Эвлэл,эвлэлд,д
560,Эвлэл,эвлэлийг,ийг
561,Эвлэл,эвлэлээс,ээс
562,Эвлэл,эвлэлээр,ээр
563,Эвлэл,эвлэлтэй,тэй
564,Тээвэр,тээврийн,ийн
565,Тээвэр,тээвэрт,т
566,Тээвэр,тээврийг,ийг
567,Тээвэр,тээврээс,ээс
568,Тээвэр,тээврээр,ээр
569,Тээвэр,тээвэртэй,тэй
570,Консорциум,консорциумын,ын
571,Консорциум,консорциумд,д
572,Консорциум,консорциумыг,ыг
573,Консорциум,консорциумаас,аас
574,Консорциум,консорциумаар,аар
575,Консорциум,консорциумтай,тай
576,Мэдээ,мэдээний,ний
577,Мэдээ,мэдээнд,нд
578,Мэдээ,мэдээг,г
579,Мэдээ,мэдээнээс,нээс
580,Мэдээ,мэдээгээр,ээр
581,Мэдээ,мэдээтэй,тэй
582,Зам,замын,ын
583,Зам,замд,д
584,Зам,замыг,ыг
585,Зам,замаас,аас
586,Зам,замаар,аар
587,Зам,замтай,тай
588,Парк,паркийн ,ын
589,Парк,паркад,д
590,Парк,паркийг,ийг
591,Парк,паркаас,аас
592,Парк,паркаар,аар
593,Парк,парктай,тай
594,Багш,багшийн,ийн
595,Багш,багшид,д
596,Багш,багшийг,ийг
597,Багш,багшаас,аас
598,Багш,багшаар,аар
599,Багш,багштай,тай
600,Дасгалжуулагч,дасгалжуулагчийн,ийн
601,Дасгалжуулагч,дасгалжуулагчид,д
602,Дасгалжуулагч,дасгалжуулагчийг,ийг
603,Дасгалжуулагч,дасгалжуулагчаас,аас
604,Дасгалжуулагч,дасгалжуулагчаар,аар
605,Дасгалжуулагч,дасгалжуулагчтай,тай
606,Тамирчин,тамирчны,ы
607,Тамирчин,тамирчинд,д
608,Тамирчин,тамирчныг,ыг
609,Тамирчин,тамирчнаас,аас
610,Тамирчин,тамирчнаар,аар
611,Тамирчин,тамирчинтай,тай
612,Нийгэмлэг,нийгэмлэгийн,ийн
613,Нийгэмлэг,нийгэмлэгт,т
614,Нийгэмлэг,нийгэмлэгийг,ийг
615,Нийгэмлэг,нийгэмлэгээс,ээс
616,Нийгэмлэг,нийгэмлэгээр,ээр
617,Нийгэмлэг,нийгэмлэгтэй,тэй
618,Зүтгэлтэн,зүтгэлтний,ий
619,Зүтгэлтэн,зүтгэлтэнд,д
620,Зүтгэлтэн,зүтгэлтнийг,ийг
621,Зүтгэлтэн,зүтгэлтнээс,нээс
622,Зүтгэлтэн,зүтгэлтнээр,ээр
623,Зүтгэлтэн,зүтгэлтэнтэй,тэй
624,Бирж,биржийн,ийн
625,Бирж,биржид,д
626,Бирж,биржийг,ийг
627,Бирж,биржээс,ээс
628,Бирж,биржээр,ээр
629,Бирж,биржтэй,тэй
630,Нийгэмлэгүүд,нийгэмлэгүүдийн,ийн
631,Нийгэмлэгүүд,нийгэмлэгүүдэд,д
632,Нийгэмлэгүүд,нийгэмлэгүүдийг,ийг
633,Нийгэмлэгүүд,нийгэмлэгүүдээс,ээс
634,Нийгэмлэгүүд,нийгэмлэгүүдээр,ээр
635,Нийгэмлэгүүд,нийгэмлэгүүдтэй,тэй
636,Эрин,эриний,ий
637,Эрин,эринд,д
638,Эрин,эринийг,ийг
639,Эрин,эринээс,ээс
640,Эрин,эринээр,ээр
641,Эрин,эринтэй,тэй
642,Өмнөх,өмнөхийн,ийн
643,Өмнөх,өмнөхөд,д
644,Өмнөх,өмнөхийг,ийг
645,Өмнөх,өмнөхөөс,өөс
646,Өмнөх,өмнөхөөр,өөр
647,Өмнөх,өмнөхтэй,тэй
648,Радио,радиогийн,ийн
649,Радио,радиод,д
650,Радио,радиог,г
651,Радио,радиогоос,оос
652,Радио,радиогоор,оор
653,Радио,радиотой,той
654,Телевиз,телевизийн,ийн
655,Телевиз,телевизэд,д
656,Телевиз,телевизийг,ийг
657,Телевиз,телевизээс,ээс
658,Телевиз,телевизээр,ээр
659,Телевиз,телевизтэй,тэй
660,Танхим,танхимын,ын
661,Танхим,танхимд,д
662,Танхим,танхимыг,ыг
663,Танхим,танхимаас,аас
664,Танхим,танхимаар,аар
665,Танхим,танхимтай,тай
666,Ордон,ордны,ы
667,Ордон,ордонд,д
668,Ордон,ордныг,ыг
669,Ордон,ордноос,оос
670,Ордон,ордноор,оор
671,Ордон,ордонтой,той
672,НАТО,натогийн,ийн
673,НАТО,натод,д
674,НАТО,натог,ыг
675,НАТО,натогоос,оос
676,НАТО,натогоор,оор
677,НАТО,натотой,той
678,Шимтгэл,шимтгэлийн,ийн
679,Шимтгэл,шимтгэлд,д
680,Шимтгэл,шимтгэлийг,ийг
681,Шимтгэл,шимтгэлээс,ээс
682,Шимтгэл,шимтгэлээр,ээр
683,Шимтгэл,шимтгэлтэй,тэй
684,Түншлэл,түншлэлийн,ийн
685,Түншлэл,түншлэлд,д
686,Түншлэл,түншлэлийг,ийг
687,Түншлэл,түншлэлээс,ээс
688,Түншлэл,түншлэлээр,ээр
689,Түншлэл,түншлэлтэй,тэй
690,Комиссариат,комиссариатийн,ийн
691,Комиссариат,комиссариатад,д
692,Комиссариат,комиссариатийг,ийг
693,Комиссариат,комиссариатаас,аас
694,Комиссариат,комиссариатаар,аар
695,Комиссариат,комиссариаттай,тай
696,Форум,форумын,ын
697,Форум,форумд,д
698,Форум,форумыг,ыг
699,Форум,форумаас,аас
700,Форум,форумаар,аар
701,Форум,форумтай,тай
702,Төлөвлөлт,төлөвлөлтийн,ийн
703,Төлөвлөлт,төлөвлөлтөд,д
704,Төлөвлөлт,төлөвлөлтийг,ийг
705,Төлөвлөлт,төлөвлөлтөөс,өөс
706,Төлөвлөлт,төлөвлөлтөөр,өөр
707,Төлөвлөлт,төлөвлөлттэй,тэй
708,Хамгаалал,хамгааллын,ын
709,Хамгаалал,хамгаалалд,д
710,Хамгаалал,хамгааллыг,ыг
711,Хамгаалал,хамгааллаас,аас
712,Хамгаалал,хамгааллаар,аар
713,Хамгаалал,хамгаалалтай,тай
714,Толгой,толгойн,н
715,Толгой,толгойд,д
716,Толгой,толгойг,г
717,Толгой,толгойноос,ноос
718,Толгой,толгойгоор,оор
719,Толгой,толгойтой,той
720,Буудал,буудлын,ын
721,Буудал,буудалд,д
722,Буудал,буудлыг,ыг
723,Буудал,буудлаас,аас
724,Буудал,буудлаар,аар
725,Буудал,буудалтай,тай
726,Өдөр,өдрийн,ийн
727,Өдөр,өдөрт,т
728,Өдөр,өдрийг,ийг
729,Өдөр,өдрөөс,өөс
730,Өдөр,өдрөөр,өөр
731,Өдөр,өдөртэй,тэй
732,Мастер,мастерын,ын
733,Мастер,мастерт,т
734,Мастер,мастерыг,ыг
735,Мастер,мастераас,аас
736,Мастер,мастераар,аар
737,Мастер,мастертай,тай
738,Тоосонцор,тоосонцрын,ын
739,Тоосонцор,тоосонцорт,т
740,Тоосонцор,тоосонцрыг,ыг
741,Тоосонцор,тоосонцроос,оос
742,Тоосонцор,тоосонцроор,оор
743,Тоосонцор,тоосонцортой,той
744,СССР,сссрын,ын
745,СССР,сссрд,д
746,СССР,сссрыг,ыг
747,СССР,сссраас,аас
748,СССР,сссраар,аар
749,СССР,сссртай,тай
750,Өргөө,өргөөний,ний
751,Өргөө,өргөөнд,нд
752,Өргөө,өргөөг,г
753,Өргөө,өргөөнөөс,нөөс
754,Өргөө,өргөөгөөр,өөр
755,Өргөө,өргөөтэй,тэй
756,Дохио,дохионы,ны
757,Дохио,дохионд,нд
758,Дохио,дохиог,г
759,Дохио,дохионоос,ноос
760,Дохио,дохионоор,ноор
761,Дохио,дохиотой,той
762,Систем,системийн,ийн
763,Систем,системд,д
764,Систем,системийг,ийг
765,Систем,системээс,ээс
766,Систем,системээр,ээр
767,Систем,системтэй,тэй
768,Нөхөрлөл,нөхөрлөлийн,ийн
769,Нөхөрлөл,нөхөрлөлд,д
770,Нөхөрлөл,нөхөрлөлийг,ийг
771,Нөхөрлөл,нөхөрлөлөөс,өөс
772,Нөхөрлөл,нөхөрлөлөөр,өөр
773,Нөхөрлөл,нөхөрлөлтэй,тэй
774,Нутаг,нутгийн,ийн
775,Нутаг,нутагт,т
776,Нутаг,нутгийг,ийг
777,Нутаг,нутгаас,аас
778,Нутаг,нутгаар,аар
779,Нутаг,нутагтай,тай
780,Конвенц,конвенцын,ын
781,Конвенц,конвенцод,д
782,Конвенц,конвенцыг,ыг
783,Конвенц,конвенцоос,оос
784,Конвенц,конвенцоор,оор
785,Конвенц,конвенцтой,той
786,Үндэслэл,үндэслэлийн,ийн
787,Үндэслэл,үндэслэлд,д
788,Үндэслэл,үндэслэлийг,ийг
789,Үндэслэл,үндэслэлээс,ээс
790,Үндэслэл,үндэслэлээр,ээр
791,Үндэслэл,үндэслэлтэй,тэй
792,Компани,компанийн,ийн
793,Компани,компанид,д
794,Компани,компанийг,ийг
795,Компани,компаниас,аас
796,Компани,компаниар,аар
797,Компани,компанитай,тай
798,Цэг,цэгийн,ийн
799,Цэг,цэгт,т
800,Цэг,цэгийг,ийг
801,Цэг,цэгээс,ээс
802,Цэг,цэгээр,ээр
803,Цэг,цэгтэй,тэй
804,Шалгаруулах,шалгаруулахын,ын
805,Шалгаруулах,шалгаруулахад,д
806,Шалгаруулах,шалгаруулахыг,ыг
807,Шалгаруулах,шалгаруулахаас,аас
808,Шалгаруулах,шалгаруулахаар,аар
809,Шалгаруулах,шалгаруулахтай,тай
810,Улаанбаатар,улаанбаатарын,ын
811,Улаанбаатар,улаанбаатарт,т
812,Улаанбаатар,улаанбаатарыг,ыг
813,Улаанбаатар,улаанбаатараас,аас
814,Улаанбаатар,улаанбаатараар,аар
815,Улаанбаатар,улаанбаатартай,тай
816,Сүлжээ,сүлжээний,ний
817,Сүлжээ,сүлжээнд,нд
818,Сүлжээ,сүлжээг,г
819,Сүлжээ,сүлжээнээс,нээс
820,Сүлжээ,сүлжээгээр,ээр
821,Сүлжээ,сүлжээтэй,тэй
822,Прокурор,прокурорын,ын
823,Прокурор,прокурорт,т
824,Прокурор,прокурорыг,ыг
825,Прокурор,прокуророос,оос
826,Прокурор,прокуророор,оор
827,Прокурор,прокурортой,той
828,Дэлгүүр,дэлгүүрийн,ийн
829,Дэлгүүр,дэлгүүрт,т
830,Дэлгүүр,дэлгүүрийг,ийг
831,Дэлгүүр,дэлгүүрээс,ээс
832,Дэлгүүр,дэлгүүрээр,ээр
833,Дэлгүүр,дэлгүүртэй,тэй
834,Уурхай,уурхайн,н
835,Уурхай,уурхайд,д
836,Уурхай,уурхайг,г
837,Уурхай,уурхайгаас,аас
838,Уурхай,уурхайгаар,аар
839,Уурхай,уурхайтай,тай
840,Байдал,байдлын,ын
841,Байдал,байдалд,д
842,Байдал,байдлыг,ыг
843,Байдал,байдлаас,аас
844,Байдал,байдлаар,аар
845,Байдал,байдалтай,тай
846,Мэдүүлэг,мэдүүлгийн,ийн
847,Мэдүүлэг,мэдүүлэгт,т
848,Мэдүүлэг,мэдүүлгийг,ийг
849,Мэдүүлэг,мэдүүлгээс,ээс
850,Мэдүүлэг,мэдүүлгээр,ээр
851,Мэдүүлэг,мэдүүлэгтэй,тэй
852,Вирус,вирусийн,ийн
853,Вирус,вирусэд,д
854,Вирус,вирусийг,ийг
855,Вирус,вирсээс,ээс
856,Вирус,вирсээр,ээр
857,Вирус,вирустэй,тэй
858,Хэрэг,хэргийн,ийн
859,Хэрэг,хэрэгт,т
860,Хэрэг,хэргийг,ийг
861,Хэрэг,хэргээс,ээс
862,Хэрэг,хэргээр,ээр
863,Хэрэг,хэрэгтэй,тэй
864,Хоршоо,хоршооны,ны
865,Хоршоо,хоршоонд,нд
866,Хоршоо,хоршоог,г
867,Хоршоо,хоршооноос,ноос
868,Хоршоо,хоршоогоор,оор
869,Хоршоо,хоршоотой,той
870,Комбинат,комбинатын,ын
871,Комбинат,комбинатад,д
872,Комбинат,комбинатыг,ыг
873,Комбинат,комбинатаас,аас
874,Комбинат,комбинатаар,аар
875,Комбинат,комбинаттай,тай
876,Орчим,орчмын,ын
877,Орчим,орчимд,д
878,Орчим,орчмыг,ыг
879,Орчим,орчмоос,оос
880,Орчим,орчмоор,оор
881,Орчим,орчимтой,той
882,Хорьдугаар,хорьдугаарын,ын
883,Хорьдугаар,хорьдугаарт,т
884,Хорьдугаар,хорьдугаарыг,ыг
885,Хорьдугаар,хорьдугаараас,аас
886,Хорьдугаар,хорьдугаараар,аар
887,Хорьдугаар,хорьдугаартай,тай
888,Шугам,шугамын,ын
889,Шугам,шугамд,д
890,Шугам,шугамыг,ыг
891,Шугам,шугамаас,аас
892,Шугам,шугамаар,аар
893,Шугам,шугамтай,тай
894,Академи,академийн,ийн
895,Академи,академид,д
896,Академи,академийг,ийг
897,Академи,академиас,аас
898,Академи,академиар,аар
899,Академи,академитай,тай
900,Шалгалт,шалгалтын,ын
901,Шалгалт,шалгалтад,д
902,Шалгалт,шалгалтыг,ыг
903,Шалгалт,шалгалтаас,аас
904,Шалгалт,шалгалтаар,аар
905,Шалгалт,шалгалттай,тай
906,Мэнд,мэндийн,ийн
907,Мэнд,мэндэд,д
908,Мэнд,мэндийг,ийг
909,Мэнд,мэндээс,ээс
910,Мэнд,мэндээр,ээр
911,Мэнд,мэндтэй,тэй
912,Даатгал,даатгалын,ын
913,Даатгал,даатгалд,д
914,Даатгал,даатгалыг,ыг
915,Даатгал,даатгалаас,аас
916,Даатгал,даатгалаар,аар
917,Даатгал,даатгалтай,тай
918,Хүмүүжил,хүмүүжлийн,ийн
919,Хүмүүжил,хүмүүжилд,д
920,Хүмүүжил,хүмүүжлийг,ийг
921,Хүмүүжил,хүмүүжлээс,ээс
922,Хүмүүжил,хүмүүжлээр,ээр
923,Хүмүүжил,хүмүүжилтэй,тэй
924,ЮНЕСКО,юнескогийн,ийн
925,ЮНЕСКО,юнескод,д
926,ЮНЕСКО,юнеског,г
927,ЮНЕСКО,юнескогоосс,оос
928,ЮНЕСКО,юнескогоор,оор
929,ЮНЕСКО,юнескотой,той
930,Цэц,цэцийн,ийн
931,Цэц,цэцэд,д
932,Цэц,цэцийг,ийг
933,Цэц,цэцээс,ээс
934,Цэц,цэцээр,ээр
935,Цэц,цэцтэй,тэй
936,Баг,багийн,ийн
937,Баг,багт,т
938,Баг,багийг,ийг
939,Баг,багаас,аас
940,Баг,багаар,аар
941,Баг,багтай,тай
942,Орон,орны,ы
943,Орон,оронд,д
944,Орон,орныг,ыг
945,Орон,орноос,оос
946,Орон,орноор,оор
947,Орон,оронтой,той
948,Хүч,хүчний,ний
949,Хүч,хүчид,д
950,Хүч,хүчийг,ийг
951,Хүч,хүчнээс,нээс
952,Хүч,хүчээр,ээр
953,Хүч,хүчтэй,тэй
